Call,Arrival Time (min),Waiting Time (min),Service Time (min),Departure Time (min)
1,0.0,0.0,2.1096207773505835,2.1096207773505835
2,0.6391472664306513,0.0,0.07707269636649437,0.7162199627971457
3,0.7932446962373831,0.0,13.011740300490091,13.804984996727475
4,1.110707588710341,0.0,15.383318354597543,16.494025943307886
5,5.854943977051329,0.0,2.5423546106413744,8.397298587692703
6,6.839051783622973,0.0,2.269939124622074,9.108990908245048
7,7.312884314221091,0.0,1.8789825514359444,9.191866865657035
8,7.807158607533171,0.0,8.684734922835949,16.49189353036912
9,8.363151969675005,0.0,13.006647344452821,21.369799314127825
10,9.27559496104406,0.0,0.9759405626014894,10.25153552364555
11,11.213947567319552,0.0,6.079305571833339,17.293253139152892
12,11.936900467160399,0.0,21.092646498309353,33.02954696546975
13,13.495503539417273,0.0,0.8489393076014392,14.344442847018712
14,15.197752069177149,0.0,11.847753006139783,27.04550507531693
15,18.49727558705581,0.0,9.98972786972243,28.48700345677824
16,20.490211762727604,0.0,2.4555455880070625,22.945757350734667
17,20.599849135171414,0.0,21.6803042830069,42.280153418178315
18,22.47968460337314,0.0,9.36383481847471,31.84351942184785
19,22.493915542161346,0.0,17.880605797581175,40.37452133974252
20,23.893155925921675,0.0,8.247620648729407,32.140776574651085
21,24.904508176384212,0.0,8.00900557464022,32.91351375102443
22,26.082240219956596,0.963264855360336,2.8530947249576517,29.89859980027458
23,26.33654993503507,2.15045352174317,5.882557157426657,34.3695606142049
24,30.558845078537033,0.0,17.850056380810717,48.408901459347746
25,31.07666420612869,0.7668552157191613,15.013800388337875,46.85731981018573
26,39.16591919201815,0.0,6.493642083751612,45.65956127576976
27,40.34586830520179,0.0,4.389707306126819,44.735575611328606
28,44.57531635564792,0.0,1.9030306850558265,46.478347040703746
29,45.56508955946104,0.0,3.1504019195326673,48.71549147899371
30,46.398619824241685,0.0,0.3753467969566085,46.77396662119829
31,48.11571570673217,0.0,22.44726710925395,70.56298281598612
32,49.9610330621791,0.0,2.3426542670263464,52.303687329205445
33,50.79304577252768,0.0,2.019251957972336,52.81229773050001
34,52.43490928752551,0.0,1.2620535221589382,53.69696280968444
35,55.48778266249765,0.0,1.593212289887112,57.08099495238476
36,56.66539863980146,0.0,5.356405031612955,62.02180367141442
37,57.27894612660834,0.0,4.228934325009071,61.50788045161741
38,58.50530632611575,0.0,10.868089347305009,69.37339567342076
39,60.06315831713426,0.0,5.0826880640054535,65.14584638113972
40,60.27569601037772,0.0,8.265329663268629,68.54102567364635
41,61.067574901754064,0.0,2.4248516528108044,63.492426554564865
42,61.81236936253044,0.0,3.4086100417282266,65.22097940425867
43,62.253970279367415,0.0,1.0368543387378037,63.29082461810522
44,63.69690137059463,0.0,8.818143464868909,72.51504483546354
45,65.31498161059211,0.0,3.760438535378861,69.07542014597098
46,65.44913832200234,0.0,6.934040242017951,72.3831785640203
47,67.48258932490076,0.0,1.101794216860269,68.58438354176103
48,67.56652205236401,0.0,0.5324433976177546,68.09896544998176
49,67.99357320470781,0.10539224527394708,1.0855118696603223,69.18447731964208
50,68.08561663539828,0.4554090382480638,7.169654856228256,75.7106805298746
51,69.18894374758996,0.0,3.628836845173166,72.81778059276313
52,69.99445123848201,0.0,13.371931574596328,83.36638281307835
53,70.26885738878626,0.0,4.166879400089078,74.43573678887533
54,73.50047234229885,0.0,20.333446215860473,93.83391855815933
55,74.18999381567201,0.0,14.098014253868444,88.28800806954045
56,74.4946711359575,0.0,6.32442495391774,80.81909608987525
57,75.95116309938874,0.0,3.060695388803806,79.01185848819254
58,78.47439932250055,0.0,0.7339839008612217,79.20838322336176
59,81.2008464383582,0.0,5.540663440944347,86.74150987930254
60,81.34225330783768,0.0,4.491896878155645,85.83415018599332
61,83.38054114256951,0.0,0.9576803386796883,84.3382214812492
62,83.56626806862198,0.0,4.547631975948192,88.11390004457017
63,85.25403752389325,0.0,18.854989960240776,104.10902748413402
64,86.1703894075523,0.0,13.791571528095512,99.96196093564782
65,87.15479765407436,0.0,17.913110254836575,105.06790790891094
66,87.31655113314426,0.0,1.638074144527363,88.95462527767162
67,87.36277388410385,0.0,1.7483372017166547,89.1111110858205
68,90.31507461267557,0.0,6.842528975110951,97.15760358778653
69,91.93892664427247,0.0,5.381472323040183,97.32039896731266
70,96.91222202035526,0.0,1.728834405046953,98.64105642540221
71,97.93301736295713,0.0,14.121900791261774,112.05491815421891
72,98.55937460261688,0.0,10.471177123494243,109.03055172611113
73,102.03366708554572,0.0,10.72451572810414,112.75818281364985
74,102.26253961394839,0.0,11.778130265348711,114.0406698792971
75,107.79187369046704,0.0,13.53880012387223,121.33067381433928
76,108.11188984758816,0.0,1.3780264269893603,109.48991627457752
77,109.41165738871521,0.0,2.1126683652006695,111.52432575391589
78,113.4757905758149,0.0,1.759145162156223,115.23493573797113
79,113.79799991677123,0.0,4.146811698011777,117.944811614783
80,115.53317300719662,0.0,0.6607906968248777,116.1939637040215
81,117.33582150195265,0.0,10.479265621995102,127.81508712394775
82,118.31676865408382,0.0,0.6228468370953415,118.93961549117915
83,119.2784512089091,0.0,3.410313201938711,122.68876441084781
84,119.98274308848733,0.0,3.7362756809614863,123.71901876944881
85,123.22006417968359,0.0,12.071793868356336,135.29185804803993
86,123.51246077718594,0.0,12.001773762063108,135.51423453924903
87,124.56319764268629,0.0,1.2957215147171748,125.85891915740346
88,125.08790605431116,0.0,0.7956543385405697,125.88356039285173
89,126.41256080330739,0.0,17.423646423891025,143.8362072271984
90,126.4189146987484,0.0,7.393203313553609,133.812118012302
91,127.59115329728299,0.0,7.486717633726355,135.07787093100933
92,129.66698949273436,0.0,27.75041427965621,157.41740377239057
93,129.77204086957545,0.0,2.153646259819994,131.92568712939544
94,130.08656873095498,0.0,4.038331718351645,134.12490044930664
95,131.2018404805071,0.7238466488883546,10.591291770006883,142.51697889940232
96,131.3432930328814,2.4688249794205888,1.778971071506544,135.59108908380853
97,131.61431907629105,2.510581373015583,2.6459471474742515,136.7708475967809
98,132.40742810365134,2.670442827357988,21.382832586192574,156.4607035172019
99,133.59865080724532,1.6932072407946066,6.43758875254293,141.72944680058285
100,134.8004155332122,0.7138190060368288,8.45833668295306,143.97257122220208
101,135.0999149327428,0.49117415106573503,28.92336501369102,164.51445409749954
102,135.79092808207565,0.9799195147052444,10.032929855326906,146.8037774521078
103,136.01281444960625,5.716632350976596,0.5074602911491313,142.23690709173198
104,136.40445549558487,5.832451596147109,6.965491655285765,149.20239874701775
105,137.07314102401753,5.443837875384787,7.573025907098382,150.0900048065007
106,139.82812073890727,4.008086488291127,9.351098141942776,153.18730536914117
107,140.7073794424278,3.265191779774284,1.7426060383397959,145.71517726054188
108,140.98592535471843,4.729251905823446,0.2608013365064204,145.9759785970483
109,143.6442053625735,2.3317732344748094,0.3382015678699212,146.31418016491824
110,143.78149381546842,2.5326863494498184,2.3512073052068128,148.66538747012504
111,146.73224749403275,0.0715299580750468,2.762483758037045,149.56626121014483
112,147.2704111573475,1.394976312777544,4.228808445213345,152.89419591533837
113,149.26536437142744,0.0,3.169901298394913,152.43526566982234
114,149.2810770411383,0.2851841690065271,5.451679375423642,155.01794058556848
115,149.63100026228787,0.45900454421283143,11.05440593079508,161.14441073729577
116,150.20106367086944,2.234201998952898,1.540882834955864,153.9761485047782
117,150.47958794972,2.4146079656183588,9.064809216179734,161.9590051315181
118,150.52303203468034,2.6642733344608303,28.095377392429185,181.28268276157036
119,150.8305738586813,3.1455746460968896,17.92159976849486,171.89774827327307
120,152.31038230014772,2.7075582854207596,4.2295017289371115,159.2474423145056
121,152.8350372062145,3.625666310987384,13.210302783898133,169.67100630110002
122,154.09656690998816,3.320836862402416,5.251760279275783,162.66916405166634
123,154.18657886971727,5.060863444788339,0.11798489380725977,159.36542720831287
124,155.65833029750561,3.707096910807252,1.342106411578521,160.7075336198914
125,156.76479221215033,3.9427414077410674,7.246178082864721,167.95371170275612
126,157.03437721288802,4.110033524407754,10.218508615904963,171.36291935320074
127,157.16811942820124,4.79088570331686,11.928730564525424,173.88773569604353
128,158.94859169638212,3.7205723552842187,14.749974813588617,177.41913886525495
129,162.32106551190853,2.193388585591009,13.795471845717818,178.30992594321737
130,162.5227343370617,5.430977365694417,5.021731583408862,172.975443286165
131,165.6033796291652,4.067626671934818,2.9541936356657286,172.62519993676574
132,168.04069595174886,3.322223401451879,12.399157401371216,183.76207675457195
133,170.91348112560493,0.9842671476681346,2.0607371315992027,173.95848540487228
134,173.7406630529805,0.0,1.7940672639855657,175.53473031696606
135,173.8726737872937,0.0,12.003746526860198,185.8764203141539
136,173.8965202738143,0.0,15.75585548707491,189.6523757608892
137,175.79925563404805,0.0,7.222638436114633,183.0218940701627
138,175.85090721090828,0.0,5.517290686804996,181.36819789771326
139,177.0482837617265,0.37085510352844153,2.18455582149908,179.60369468675404
140,179.63716805682,0.0,4.1111400768060165,183.748308133626
141,180.23790791308312,0.0,14.381143197448269,194.6190511105314
142,180.77387572893434,0.5088070326360139,0.7069623903028663,181.98964515187322
143,181.0871189527569,0.2810789449563629,8.167393956343616,189.53559185405686
144,181.98285028158512,0.0067948702881039935,0.41470089514183583,182.40434604701505
145,182.49631789398083,0.0,0.9416050031877545,183.4379228971686
146,182.53871984122014,0.4831742289425449,1.1593339397667008,184.18122800992938
147,184.46873021147243,0.0,12.066951231523655,196.5356814429961
148,185.17356499736346,0.0,3.769679935072071,188.94324493243553
149,186.3718052473019,0.0,11.47066559707636,197.84247084437825
150,188.4774780599336,0.0,1.3313465176912418,189.80882457762482
151,188.59035133412917,0.0,0.9885511252074651,189.57890245933663
152,188.6559049787948,0.28733995364072484,1.6779273381535071,190.62117227058903
153,189.91646922020172,0.0,4.834414085708855,194.75088330591058
154,190.0216189475218,0.0,0.4792842393122498,190.50090318683405
155,193.2569381968482,0.0,5.39773796979285,198.65467616664105
156,193.34920340197968,0.0,2.5873766405288485,195.93658004250852
157,194.0415200893914,0.0,4.461509062852358,198.50302915224378
158,195.18312969271147,0.0,2.0841916667998985,197.26732135951139
159,195.74779877151906,0.0,0.7233122776447534,196.47111104916382
160,195.94272480193854,0.0,3.673914001087259,199.6166388030258
161,196.14190719109678,0.0,2.4704440059103767,198.61235119700714
162,196.16258719146242,0.30852385770140245,15.499176304317084,211.9702873534809
163,196.6272026357691,0.0,6.683647432802806,203.3108500685719
164,197.0137718862536,0.25354947325777744,16.96856390666258,214.23588526617397
165,197.14167372588884,0.7007971184894188,6.1566239596667724,203.99909480404503
166,198.62562607951097,0.0,23.824884579096537,222.4505106586075
167,199.00923171116332,0.0,18.024229728289413,217.03346143945274
168,199.3134995794582,0.0,0.3156089917180823,199.6291085711763
169,199.62541572823275,0.0,13.052014511972114,212.67743024020487
170,199.68242106143185,0.0,1.1796117860442015,200.86203284747606
171,199.71237105813452,1.1496617893415362,2.2326654951951457,203.0946983426712
172,201.27764768150845,1.8170506611627388,7.279857256747209,210.37455559941841
173,201.30376450660933,2.007085561962583,24.362537304055145,227.67338737262705
174,201.65694868078444,2.3421461232605907,4.45581342652689,208.45490823057193
175,202.37583435724895,6.079073873322983,4.8243820570435,213.27929028761542
176,202.55887992927168,7.815675670146732,14.496804105168334,224.87135970458675
177,202.90197290065902,9.06831445282188,17.09150387412311,229.061791227604
178,203.8422696207492,8.835160619455678,11.184538314484142,223.861968554689
179,204.80292778450146,8.476362503113961,8.406094604729107,221.68538489234453
180,205.02490880460468,9.210976461569288,4.419479032643201,218.65536429881718
181,205.30476946983364,11.728691969619092,9.883805254883372,226.91726669433612
182,207.1379301499306,11.517434148886565,0.7788877841988574,219.43425208301602
183,207.95097472419627,11.483277358819748,0.953863374760177,220.3881154577762
184,208.33968685231466,12.048428605461538,3.098872187111912,223.4869876448881
185,209.01948710248,12.665897789864516,11.531427789606981,233.21681268195152
186,211.44429543876342,11.00621521984408,2.8214699298923227,225.27198058849982
187,211.86995880316746,11.61702884172064,4.0089538150839585,227.49594145997207
188,212.7350415207654,11.126927033923607,0.3169904522200134,224.17895900690903
189,218.17142908105072,6.007529925858307,14.674184728767834,238.85314373567687
190,220.58532300421118,4.2860367003755755,8.781306032020485,233.65266573660725
191,222.4576476625694,2.8143329259304153,16.436609390666362,241.70858997916616
192,225.33699713778154,1.5802695565545832,5.040854287454496,231.95812098179061
193,227.5266416745019,0.0,0.8299873127776206,228.35662898727952
194,227.56391664126184,0.10947073136520657,7.660547417586701,235.33393479021376
195,230.64982496148824,0.0,18.154448475471,248.80427343695925
196,232.18716708705202,0.0,0.34421106050015376,232.53137814755218
197,234.11817630681546,0.0,24.30036691334034,258.4185432201558
198,235.6059743218935,0.0,0.90336710835887,236.5093414302524
199,237.03981310305704,0.0,13.020630129202575,250.06044323225962
200,237.140487476319,0.0,1.1104289330910972,238.2509164094101
201,239.00970269376745,0.0,5.246566561404312,244.25626925517176
202,239.16299158425863,0.0,7.919157435815178,247.0821490200738
203,239.60418491260563,0.0,11.456853834986699,251.06103874759233
204,244.09380769442015,0.0,0.8605938219308236,244.95440151635097
205,245.11970588227328,0.0,3.3581662964382257,248.4778721787115
206,246.1463960017399,0.0,0.2548858065534038,246.4012818082933
207,246.72933560805043,0.0,6.933389688438857,253.6627252964893
208,249.62839929683807,0.0,5.535042624403386,255.16344192124146
209,250.59668589896017,0.0,17.155923197032447,267.7526090959926
210,250.73515611355546,0.0,0.8700868647704768,251.60524297832595
211,252.9781503421043,0.0,8.997378512105241,261.97552885420953
212,253.57214778376505,0.0,2.457603810487996,256.02975159425307
213,255.24892723014358,0.0,4.847601916683075,260.09652914682664
214,255.28370536846555,0.0,1.6318650994074748,256.915570467873
215,256.2384839637388,0.0,9.405769414337248,265.6442533780761
216,258.79217803499074,0.0,8.193680850141568,266.9858588851323
217,259.0369553912226,0.0,15.900716563230537,274.93767195445315
218,266.083245292878,0.0,4.753320438858467,270.83656573173647
219,267.348232536874,0.0,8.942613876681573,276.2908464135555
220,268.48859764899015,0.0,10.05728650455935,278.5458841535495
221,273.35092586543294,0.0,11.255998149372529,284.6069240148055
222,275.88836355028656,0.0,4.285965067988254,280.1743286182748
223,278.2424953430468,0.0,13.639125432996524,291.88162077604335
224,285.48605291932876,0.0,3.2994506459985287,288.7855035653273
225,286.23729521164205,0.0,9.427071966693731,295.6643671783358
226,288.71373407051334,0.0,15.141682769673961,303.8554168401873
227,288.92348269059715,0.0,22.403388822456627,311.3268715130538
228,289.26547279964905,0.0,3.0496349057269367,292.31510770537596
229,289.8696585058452,0.0,1.6852439742794383,291.55490248012467
230,290.63253316090146,0.0,2.654017981437081,293.28655114233857
231,293.1618951822095,0.0,3.8484667198357667,297.01036190204525
232,296.7581615265951,0.0,4.251041467216997,301.0092029938121
233,298.43085382784176,0.0,11.091729480005405,309.5225833078472
234,303.82266216953076,0.0,1.933601864921741,305.7562640344525
235,304.04630051182573,0.0,2.9146293917529773,306.9609299035787
236,306.37342980452195,0.0,1.2096903703063846,307.5831201748283
237,307.10590536898025,0.0,4.656384682334465,311.7622900513147
238,309.5295024832309,0.0,5.920393567599413,315.4498960508303
239,310.3894993733874,0.0,2.8802732485044036,313.26977262189183
240,311.1233586636899,0.0,6.604596680613167,317.72795534430304
241,312.50437311638603,0.0,31.745321401473205,344.2496945178592
242,312.73367920327905,0.0,1.7556928149984934,314.48937201827755
243,312.7400739429837,0.0,5.7750171316598164,318.5150910746435
244,312.764283307662,0.0,1.2732150523177308,314.03749835997974
245,313.46057879681854,0.0,8.186103481929617,321.64668227874813
246,314.714878203454,0.0,5.968424809070508,320.6833030125245
247,315.35675709983855,0.0,1.3362604298633896,316.69301752970193
248,317.4760642013343,0.0,2.9858976191233877,320.46196182045765
249,317.6974717388136,0.0,13.025050382972642,330.72252212178626
250,319.84417430320315,0.0,0.6782414320235706,320.52241573522673
251,322.07409938651824,0.0,2.1215296857331705,324.1956290722514
252,323.4576026472068,0.0,1.129414052649567,324.58701669985635
253,324.4610249069374,0.0,16.06510639301703,340.5261312999544
254,324.9260211215094,0.0,11.946924461701942,336.87294558321133
255,325.1339346937083,0.0,3.1493505016196752,328.28328519532795
256,325.39372438691277,0.0,1.096694960845105,326.4904193477579
257,325.59487472874474,0.0,4.10575010656622,329.700624835311
258,326.2951005601318,0.0,3.1984402163341192,329.4935407764659
259,329.73959136876874,0.0,18.54756043401431,348.28715180278306
260,331.2810834288592,0.0,7.73227266549624,339.0133560943554
261,333.3913234027016,0.0,3.81253899075907,337.20386239346067
262,334.1542270727949,0.0,3.687126148152544,337.8413532209475
263,334.5756658186837,0.0,0.2560028168120204,334.83166863549576
264,335.4025073770905,0.0,3.8157541435535287,339.21826152064403
265,337.58639177664486,0.0,7.080186208091306,344.6665779847362
266,343.14530381141213,0.0,18.836695063777785,361.9819988751899
267,343.6450664181912,0.0,0.9220992316845297,344.56716564987573
268,344.8953034388673,0.0,6.08682435510789,350.98212779397517
269,348.4891082582913,0.0,16.247123167987073,364.7362314262784
270,351.28132902835154,0.0,0.5460137607327655,351.8273427890843
271,352.11763746421406,0.0,23.124100156909545,375.2417376211236
272,352.6783966668748,0.0,5.874381320059655,358.5527779869344
273,353.75104212979323,0.0,28.257568229599727,382.00861035939295
274,354.87423971158927,0.0,7.380045270143528,362.2542849817328
275,356.7284612718828,0.0,3.107261944746379,359.83572321662916
276,358.3578136720813,0.0,6.754423900882777,365.1122375729641
277,359.9913971248213,0.0,6.0318992969648395,366.02329642178614
278,362.57453885645,0.0,15.566421393615569,378.1409602500655
279,363.27933781509336,0.0,4.543422137510729,367.8227599526041
280,363.7286203345752,0.0,0.07580669924063065,363.80442703381584
281,364.0375818432578,0.0,1.7183060281079676,365.75588787136576
282,365.0740163075528,0.0,1.1219904706033292,366.1960067781562
283,368.5695378624577,0.0,5.112636902052287,373.68217476451
284,370.2019222291661,0.0,8.145441103038552,378.3473633322046
285,372.9023033004409,0.0,4.5945505647315485,377.49685386517245
286,375.7463025044769,0.0,12.703221159587729,388.4495236640646
287,375.7603762878345,0.0,9.760229332588283,385.52060562042277
288,376.10861152669634,0.0,3.5314417386817767,379.6400532653781
289,376.7835438421071,0.0,5.296243742711456,382.0797875848186
290,379.9108907386414,0.0,2.981228974003602,382.892119712645
291,381.3241987057353,0.0,1.8972278558396705,383.22142656157496
292,383.6787384088797,0.0,1.653387312544961,385.3321257214247
293,388.7835339673232,0.0,4.253907156571068,393.03744112389427
294,388.9998391184611,0.0,0.6390636934479416,389.6389028119091
295,392.0387417487525,0.0,20.58872359221923,412.62746534097175
296,393.28708858455354,0.0,2.77464400995322,396.06173259450674
297,394.2406146515421,0.0,7.352660705180513,401.59327535672264
298,396.88490302861015,0.0,1.2142749588448354,398.099177987455
299,396.8982074384846,0.0,0.8643140492127669,397.76252148769737
300,399.0771296489705,0.0,10.10008982626391,409.17721947523444
301,401.9530587594827,0.0,6.737739366946226,408.69079812642894
302,404.76574501200054,0.0,9.481520031289941,414.2472650432905
303,406.693819096233,0.0,0.8906040698266209,407.58442316605965
304,407.36336439637415,0.0,0.4176183413707659,407.7809827377449
305,408.5539383223201,0.0,6.54198483975604,415.09592316207613
306,408.9616048414732,0.0,1.2017041243881292,410.16330896586135
307,410.4746494418451,0.0,14.631939492795594,425.1065889346407
308,411.435393259464,0.0,3.585003520682623,415.0203967801466
309,411.54491421739823,0.0,2.28175791527869,413.82667213267695
310,411.8307720146897,0.0,6.752973634233173,418.5837456489229
311,415.7153216847818,0.0,6.072758032822336,421.78807971760415
312,418.41447933220775,0.0,16.774555405651054,435.1890347378588
313,418.5618677736598,0.0,8.808374806227139,427.37024257988696
314,418.5826906474008,0.0,2.1165005103342778,420.6991911577351
315,419.64102892655853,0.0,2.8898577914036805,422.53088671796223
316,421.9803257838264,0.0,14.643899537687387,436.6242253215138
317,422.53031760514585,0.0,26.295306378135855,448.82562398328173
318,425.44734001379123,0.0,2.08384851602897,427.5311885298202
319,425.78395241667323,0.0,26.183959178141983,451.96791159481523
320,426.64560821657494,0.0,0.5262499933424221,427.1718582099174
321,430.9025884004155,0.0,9.69942022063814,440.60200862105364
322,431.1142922442359,0.0,9.378481182865283,440.4927734271012
323,431.1392861250752,0.0,3.3005881168030458,434.4398742418783
324,439.3162969697289,0.0,7.674960781993705,446.9912577517226
325,442.1115846125818,0.0,5.62302670281706,447.73461131539887
326,443.0039767486089,0.0,7.123729920259971,450.1277066688689
327,444.1827155638206,0.0,6.575335259470601,450.75805082329117
328,444.29518285061914,0.0,14.386658772783733,458.6818416234029
329,445.48172485884527,0.0,3.259444992788904,448.7411698516342
330,445.5557586347418,1.43549911698085,11.361075151757785,458.35233290348043
331,445.5831862664725,2.151425048926342,7.706654213581705,455.4412655289806
332,448.8487454279962,0.0,2.7967335204821064,451.64547894847834
333,451.77663297077277,0.0,12.744243442130385,464.52087641290314
334,453.3930773168086,0.0,1.6706423038094618,455.0637196206181
335,453.4101023409827,0.0,14.492566118757592,467.90266845974026
336,454.4163538222044,0.0,10.468777808793423,464.8851316309979
337,457.89421051795466,0.0,3.0526614273259294,460.9468719452806
338,459.5018501405557,0.0,12.6411512329889,472.14300137354456
339,461.815412405478,0.0,27.301511982317653,489.1169243877957
340,462.5139441011534,0.0,9.732865141972015,472.2468092431254
341,463.3911034682305,0.0,1.0570171692855128,464.448120637516
342,464.7874241512604,0.0,5.8648681695290135,470.6522923207894
343,466.51485441122554,0.0,9.045430652385413,475.56028506361093
344,467.85721712437834,0.0,8.926132203692756,476.7833493280711
345,468.9294724464118,0.0,7.8981271101801225,476.8275995565919
346,468.944142724728,0.0,0.3924099868090295,469.336552711537
347,469.50852987665314,0.0,3.052208191288848,472.560738067942
348,469.8632893004736,0.7890030203158176,2.9499723358076957,473.6022646565971
349,469.86524570156615,2.2777556719784116,0.9384886792645353,473.0814900528091
350,469.8792213188019,2.367587924323516,4.8569211018413965,477.10373034496683
351,473.3199952022672,0.0,2.620687202165205,475.9406824044324
352,474.05869627410146,0.0,1.0654551293846406,475.1241514034861
353,474.4516390272532,0.0,4.4499785983141456,478.9016176255673
354,476.10649012728777,0.0,1.395979826326014,477.5024699536138
355,477.27188624133095,0.0,3.4207534045816415,480.6926396459126
356,477.3787132555601,0.0,1.4066162743262611,478.7853295298864
357,477.95957903003995,0.0,5.282597053944072,483.242176083984
358,478.27389768666495,0.0,28.06675871135206,506.340656398017
359,481.41564368902436,0.0,0.746307751488299,482.16195144051267
360,482.3652583057221,0.0,1.2226291225157748,483.5878874282379
361,483.0720654120316,0.0,3.651168736005513,486.7232341480371
362,484.01401430427535,0.0,25.62900243244653,509.6430167367219
363,485.4150221733334,0.0,10.068243602534595,495.483265775868
364,485.86547887113136,0.0,6.595586339000949,492.4610652101323
365,486.09295157750915,0.0,11.0994131352921,497.19236471280124
366,486.7779561987189,0.0,6.220691241878218,492.99864744059715
367,487.4484628326041,0.0,4.818262225045988,492.2667250576501
368,488.2728497419497,0.8440746458459785,11.131222541161378,500.24814692895706
369,488.792583463578,3.47414159407208,10.175103415817693,502.4418284734678
370,491.28771287698885,1.1733523331434412,27.14019134649469,519.6012565566269
371,491.6798792666994,1.3187681738977517,31.90970377598521,524.9083512165823
372,492.0140284283802,3.4692373474878195,11.071776497459208,506.5550422733272
373,495.6307255314004,1.5616391814008352,12.158325115487601,509.35068982828886
374,497.6765433261484,2.5716036028086364,2.319858003855939,502.568004932813
375,497.69983482570404,4.741993647763763,13.671742722009295,516.1135711954771
376,499.47546328735604,3.092541645456947,15.161664905094499,517.7296698379075
377,500.4891568017244,5.851499596292626,8.121546344337299,514.4622027423543
378,503.73306521720053,2.821977056126684,6.989216631232302,513.5442589045596
379,504.350284543815,5.000405284473857,16.07727061700753,525.4279604452964
380,505.24941030785504,4.39360642886686,7.37699755559653,517.0200142923185
381,507.8780023061828,5.666256598376776,2.435778318619715,515.9800372231792
382,510.2707991567665,4.191403585587807,1.495999616081234,515.9582023584355
383,510.64460566571483,5.313596692720694,7.046794605388139,523.0049969638237
384,512.0397373902996,3.9402998328796457,3.9920813953728156,519.972118618552
385,512.2192037608231,3.8943674346539865,7.514524250656516,523.6280954461337
386,513.8171123394793,3.20290195283917,0.9423898033334289,517.9624040956519
387,515.9566744837069,1.7729953542005887,2.090512890196592,519.8201827281041
388,516.0389975762714,1.9234065193804781,3.1240729480894576,521.0864770437413
389,516.0959292636848,3.5053272929421837,3.150819807012664,522.7520763636396
390,517.6814654500697,2.1387172780343917,15.697224312839513,535.5174070409436
391,517.8529158900025,2.119202728549567,0.09443443911153754,520.0665530576636
392,517.9086181777262,2.1579348799373292,1.184145100705418,521.250698158369
393,519.0255548529442,2.0609221907971005,18.622553728687784,539.7090307724291
394,519.1979070653564,2.0527910930126154,4.751799355719297,526.0024975140883
395,519.6233019641198,3.1287743995197843,1.4225325687964328,524.1746089324361
396,523.1682228834878,0.0,0.866483743559347,524.0347066270472
397,524.6864382123476,0.0,7.541298326155765,532.2277365385034
398,526.1776665687596,0.0,2.0546474731175715,528.2323140418772
399,526.7122281758376,0.0,3.0487009613359044,529.7609291371735
400,527.5875613399597,0.0,2.3886043782186586,529.9761657181784
401,528.7258775582933,0.0,0.794466508073735,529.520344066367
402,530.8616271497503,0.0,2.0799202120847573,532.9415473618351
403,531.5999092069947,0.0,5.101664053309711,536.7015732603044
404,531.9389592201567,0.0,3.8976153951045918,535.8365746152613
405,532.8936554900596,0.0,2.5621128606994543,535.4557683507591
406,534.2890993290254,0.0,4.3634869959453475,538.6525863249707
407,536.9664050789929,0.0,15.912388920955246,552.8787939999481
408,537.7645407210175,0.0,7.029772503468785,544.7943132244862
409,538.3415287466473,0.0,8.758775490384716,547.100304237032
410,539.9278306407681,0.0,0.13874789723581943,540.0665785380039
411,540.3681567256751,0.0,24.042715557114406,564.4108722827896
412,540.456987485335,0.0,13.455245450487267,553.9122329358223
413,541.1608247457237,0.0,9.530155881235965,550.6909806269597
414,543.7649270257384,0.0,4.322481930936342,548.0874089566747
415,544.313452293077,0.0,1.189035813280943,545.502488106358
416,544.5455987691832,0.24871445530300207,5.544995663913968,550.3393088884002
417,545.9090125227759,0.0,11.058756856892325,556.9677693796682
418,549.4807574496907,0.0,11.43282362288986,560.9135810725805
419,549.6736821684025,0.0,11.004928212123591,560.678610380526
420,549.8853630229225,0.4539458654776354,3.0334915219081684,553.3728004103084
421,551.2471758239718,0.0,18.865419441828564,570.1125952658003
422,553.0337461330806,0.0,7.7595317764738345,560.7932779095545
423,553.1627197786487,0.21008063165970725,3.8441596470600174,557.2169600573684
424,554.317335643187,0.0,0.38442755528501654,554.701763198472
425,554.8474377348056,0.0,10.887650412802948,565.7350881476085
426,556.4234568248642,0.5443125548040371,2.9196697957226876,559.8874391753909
427,556.7801699205766,0.4367901367918421,1.2346870889839328,558.4516471463523
428,557.2145495889164,1.237097557435959,0.012767369857406497,558.4644145162098
429,557.4392602276973,1.0251542885124536,2.1016060237255445,560.5660205399354
430,558.1110708612644,1.7763683141265574,3.3167204065337024,563.2041595819246
431,558.3962062516491,2.169814288286261,9.163722368861388,569.7297429087968
432,558.4895535477845,2.189056832741585,0.7240958508512563,561.4027062313774
433,559.4350367459806,1.3582411635738936,5.664315561280936,566.4575934708354
434,560.832403190024,0.08117788255651703,23.698590040196937,584.6121711127774
435,565.0006533523746,0.0,3.9740976063251177,568.9747509586997
436,565.0476855208983,0.0,1.9093238523322238,566.9570093732306
437,566.3195983533695,0.0,0.759366454710682,567.0789648080802
438,566.727322180661,0.0,8.49316615345357,575.2204883341145
439,566.7379776116628,0.0,25.000046826172813,591.7380244378356
440,566.7404337060055,0.21657566722501542,0.8907258104951365,567.8477351837257
441,572.644997097873,0.0,56.07630930246708,628.72130640034
442,577.5363610874215,0.0,6.589812190881097,584.1261732783025
443,578.2269302726836,0.0,2.273676575947573,580.5006068486312
444,578.4751160797965,0.0,1.5446487407264335,580.0197648205229
445,579.0146768243569,0.0,6.53712908230134,585.5518059066583
446,579.9927964331594,0.0,4.821301251893801,584.8140976850532
447,580.8530343417938,0.0,3.984797823759944,584.8378321655537
448,581.4245367379158,0.0,5.5407793350767465,586.9653160729926
449,582.8195174619387,1.3066558163637865,16.894630861123975,601.0208041394266
450,582.8963946865147,1.715776426262778,0.028554238935636495,584.6407253517131
451,583.3382500571972,1.3024752945158298,8.582439228208639,593.2231645799217
452,584.4177403970239,0.39635728802932135,6.362006580722246,591.1761042657754
453,584.6844209568939,0.1534112086598043,6.9541678846768935,591.7920000502305
454,586.641744123929,0.0,8.021536405663628,594.6632805295926
455,586.7349271855907,0.23038888740188668,0.37241551451324983,587.3377315875058
456,587.4271429180944,0.0,0.03151613212050767,587.4586590502149
457,589.3128922750183,0.0,28.09435971572447,617.4072519907428
458,589.4443466967854,1.7317575689900195,2.4684860459499296,593.6445903117253
459,589.6454108018503,2.0926136359853444,11.884011995099895,603.6220364329355
460,589.7655954977245,2.026404552506051,4.777697196801558,596.5696972470321
461,590.3564669860024,2.866697593919298,6.830822494257295,600.053987074179
462,591.5704336828773,2.0741566288480726,5.370757697748848,599.0153480094742
463,592.074715670121,2.588564859471603,1.362761919225566,596.0260424488182
464,592.971019168361,3.055023280457249,5.146531176229267,601.1725736250474
465,594.5741979104288,1.9954993366033023,2.8405303575326286,599.4102276045647
466,594.7490669275535,4.266281081920738,7.648481354601543,606.6638293640758
467,596.2948087892164,3.1154188153483346,1.0628920306676841,600.4731196352325
468,598.0694405488181,1.9845465253608836,0.6934010558800386,600.747388130059
469,598.2718948058147,2.2012248294178107,9.320183498293085,609.7933031335256
470,599.4677392021119,1.2796489279470507,2.0659676506641573,602.8133557807231
471,600.3361060387995,0.684698100627088,3.1053002800693394,604.1261044194958
472,600.3398670581836,0.8327065668638625,4.210724574981611,605.383298200029
473,601.1616571755095,1.6516986052135962,13.017657343516671,615.8310131242398
474,602.3815617633642,1.240474669571313,9.47905493543133,613.1010913683668
475,603.9743263219494,0.15177809754641203,1.300456591801506,605.4265610112974
476,605.708180046307,0.0,3.405460267845221,609.1136403141522
477,606.2822021382811,0.0,13.083146710305897,619.365348848587
478,607.0707375882023,0.0,0.9957520058881119,608.0664895940904
479,609.4092728279417,0.0,4.605596984107644,614.0148698120493
480,610.4159294887942,0.0,1.4071565828239825,611.8230860716181
481,612.5882593798584,0.0,7.677556243352767,620.2658156232112
482,613.5281091476163,0.0,7.08975194619062,620.6178610938069
483,613.7424175961944,0.0,15.770443202052894,629.5128607982473
484,614.306023341934,0.0,0.6526490666676285,614.9586724086016
485,615.073753419278,0.0,8.21065944855068,623.2844128678287
486,616.0553457880562,0.0,22.758332839587244,638.8136786276435
487,616.861399920515,0.5458520702277383,1.086853694225995,618.4941056849688
488,617.3248601274029,1.1692455575658869,10.967624194408431,629.4617298793772
489,617.4184161742695,1.9469326743175088,5.658200256238216,625.0235491048252
490,617.4913950182321,2.7744206049791273,11.617836684815597,631.8836523080269
491,617.8650511529463,2.7528099408606295,1.4944098165582338,622.1122709103652
492,617.9986101752683,4.113660735096914,0.5674819937967697,622.6797529041619
493,618.317710761664,4.362042142497899,0.36497204164775604,623.0447249458097
494,618.3320917280244,4.71263321778531,2.5629647627195937,625.6076897085293
495,618.3321978968627,4.952214970965997,18.409809266462425,641.6942221342911
496,620.7543951780266,4.2691539267985945,0.37201352859765635,625.3955626334229
497,621.4375491573594,3.9580134760634564,3.1892253569352036,628.5847879903581
498,624.6520996393853,0.9555900691440229,5.438915445187113,631.0466051537164
499,629.0790893892903,0.0,2.7828985743495753,631.8619879636399
500,630.2198973565614,0.0,7.912807888139908,638.1327052447014
501,630.8144079112056,0.0,0.9112248820379406,631.7256327932436
502,631.3407577496093,0.0,7.897855993797023,639.2386137434064
503,632.9660311804906,0.0,7.637336103975933,640.6033672844666
504,633.1774319367387,0.0,1.7354888568952183,634.9129207936339
505,634.222377979954,0.0,5.522937076343346,639.7453150562974
506,634.6682074491439,0.0,15.610750278917171,650.2789577280611
507,635.6615251614159,0.0,7.578710917807448,643.2402360792233
508,637.2214357033455,0.911269541355864,2.544070390632648,640.676775635334
509,637.876723777444,0.9369548501995268,1.2945494911753463,640.1082281188188
510,637.9446244040375,1.2939893393688635,20.60940152506312,659.8480152684696
511,638.2816613181792,1.4636537381181824,0.5371368005831111,640.2824518568805
512,639.6075026204819,0.5007254983369194,4.327875869639502,644.4361039884583
513,640.2429260774481,0.03952577943232427,12.626979138167043,652.9094309950475
514,640.8965122355852,0.0,38.673616383237665,679.5701286188229
515,642.8143529428141,0.0,0.4223943917065917,643.2367473345207
516,643.1487339447506,0.0,1.0793457039575487,644.2280796487081
517,644.5738552700715,0.0,0.29808911625137124,644.8719443863229
518,646.7488698967135,0.0,9.75850609429527,656.5073759910088
519,652.0552677408599,0.0,9.96511035579495,662.0203780966549
520,652.5319511019733,0.0,1.7206715939712172,654.2526226959445
521,653.9218727131,0.0,0.0322244774785117,653.9540971905785
522,655.8240257713036,0.0,2.943765301544915,658.7677910728485
523,657.0003342301146,0.0,5.9741789237293865,662.974513153844
524,658.458856169097,0.0,2.0889681450554813,660.5478243141524
525,660.4164468444443,0.0,2.113186753439733,662.5296335978841
526,660.5978041307343,0.0,36.99641429012209,697.5942184208564
527,661.404728577037,0.0,3.23770492632038,664.6424335033573
528,661.6521534026998,0.0,24.385071616648844,686.0372250193486
529,669.3772719678772,0.0,1.7461302198694295,671.1234021877466
530,669.5026722397597,0.0,4.009912649815718,673.5125848895755
531,671.2459640314835,0.0,19.614642907021715,690.8606069385052
532,671.301541140275,0.0,0.11276480453429073,671.4143059448094
533,671.7065546746657,0.0,5.759414545656716,677.4659692203223
534,671.8033443776328,0.0,4.119732462959421,675.9230768405922
535,673.1047689187023,0.0,4.251946658393591,677.3567155770959
536,673.1563301724397,0.3562547171358119,2.0312189612609313,675.5438038508364
537,674.0059057750735,1.5378980757628824,12.915097354651417,688.4589012054878
538,675.8592357180422,0.06384112255000218,3.261311975058341,679.1843888156505
539,679.4020319558631,0.0,7.988303794710809,687.3903357505739
540,679.8926769827343,0.0,10.022998450445142,689.9156754331794
541,680.0520451649601,0.0,2.987130958496109,683.0391761234562
542,680.4395485600503,0.0,6.412515395759246,686.8520639558095
543,684.4661866462726,0.0,3.5189158679388255,687.9851025142115
544,684.8128988295879,1.2243261897607454,3.669181802227727,689.7064068215764
545,685.6613983045223,1.1906656512871905,0.5662230471059994,687.4182870029155
546,686.2054851941424,1.1848505564314564,8.701704638595242,696.0920403891691
547,686.8269695493134,0.5913174536020733,0.6722407172109601,688.0905277201264
548,688.1389551494926,0.0,1.0055871168330137,689.1445422663256
549,689.2718805849137,0.0,6.43196890929275,695.7038494942065
550,689.6334276105476,0.0,7.838584741516444,697.4720123520641
551,690.4207727276969,0.0,2.5202609077329425,692.9410336354298
552,693.0189659772024,0.0,3.974827766666018,696.9937937438684
553,694.7479478800611,0.0,3.8069286237741706,698.5548765038353
554,694.904401686099,0.0,8.978056338377575,703.8824580244766
555,695.5498487237352,0.0,2.9381965468058424,698.4880452705411
556,696.0086797319763,0.0,0.7115677475538021,696.72024747953
557,697.1453125521208,0.0,7.1697151181013075,704.3150276702221
558,697.5968815461428,0.0,14.17922473675107,711.7761062828938
559,699.1474928969825,0.0,6.034484450497874,705.1819773474804
560,699.3600179603461,0.0,2.803997333234968,702.1640152935811
561,701.2623879654254,0.0,0.27123701274914597,701.5336249781745
562,703.1048811915283,0.0,0.7221513496130987,703.8270325411414
563,703.2084727087445,0.0,0.5395047300784643,703.7479774388229
564,706.1757059019616,0.0,1.0812709876311972,707.2569768895928
565,709.2325412411319,0.0,11.040442283156276,720.2729835242882
566,710.9550612232603,0.0,11.420188448281387,722.3752496715416
567,711.7087682787364,0.0,2.067972007634239,713.7767402863707
568,712.0658294949277,0.0,24.940454018693053,737.0062835136207
569,715.6670740924463,0.0,1.3513063492614297,717.0183804417078
570,719.0364143549089,0.0,22.954665015916554,741.9910793708254
571,719.2055898590186,0.0,2.452553822771016,721.6581436817896
572,722.1934965281924,0.0,1.1862348563850824,723.3797313845776
573,725.7550808982779,0.0,6.330066674832089,732.08514757311
574,728.2573731679892,0.0,5.983300259716871,734.240673427706
575,730.552336947854,0.0,10.256239179427602,740.8085761272815
576,733.1693618050693,0.0,1.660744844227363,734.8301066492967
577,734.4767672630021,0.0,6.06369436319798,740.5404616262001
578,734.6897990485785,0.0,0.5306953435183334,735.2204943920968
579,737.1236271870325,0.0,5.121178658189564,742.2448058452221
580,737.5033434127034,0.0,14.558709426780634,752.0620528394841
581,738.0779868053912,0.0,0.2644704930406816,738.3424572984319
582,738.9514333528631,0.0,2.4457792579024105,741.3972126107655
583,739.5903928414084,0.0,13.90979042075208,753.5001832621605
584,740.6690787396348,0.0,4.714565093597915,745.3836438332327
585,748.5405936805757,0.0,0.673381868223056,749.2139755487988
586,750.0314595401386,0.0,0.01611248518061176,750.0475720253193
587,751.2312769604832,0.0,5.859945210389379,757.0912221708726
588,751.401826361791,0.0,3.5460266794411712,754.9478530412322
589,754.4002728229933,0.0,0.5279583833262559,754.9282312063195
590,755.0357525660748,0.0,5.351173368359818,760.3869259344347
591,757.2637212340647,0.0,20.799949748389285,778.063670982454
592,757.7269377934039,0.0,6.666790769973191,764.3937285633771
593,759.6493965970251,0.0,1.7003858271693748,761.3497824241945
594,762.110172106834,0.0,6.17892437483594,768.28909648167
595,766.4537836941355,0.0,11.359187675951798,777.8129713700873
596,770.0739322392643,0.0,5.933181943717312,776.0071141829816
597,774.4404979233057,0.0,2.0708184550886255,776.5113163783943
598,776.4781774410211,0.0,17.29632580819827,793.7745032492194
599,780.3211259874583,0.0,0.6179497392768644,780.9390757267352
600,782.9631890453527,0.0,2.9809976226583297,785.9441866680111
601,786.3321571993007,0.0,13.733680704839236,800.0658379041399
602,787.6862435839578,0.0,14.011528757289916,801.6977723412477
603,787.8546284842365,0.0,11.36365816794719,799.2182866521837
604,790.9163940045848,0.0,0.6839477660500145,791.6003417706348
605,792.6220348957967,0.0,13.437210629646227,806.0592455254429
606,793.8266553029475,0.0,5.5927591179430785,799.4194144208906
607,796.5115379967065,0.0,1.2386926534920577,797.7502306501985
608,796.5440386283896,0.0,1.3313627746059853,797.8754014029955
609,797.1959203419426,0.0,1.9153746098928677,799.1112949518355
610,806.4912925504509,0.0,0.25346460991562053,806.7447571603665
611,808.8765256934371,0.0,5.798642180588128,814.6751678740252
612,810.8796519980335,0.0,16.518475196923497,827.398127194957
613,815.2873760364416,0.0,18.938725250984437,834.2261012874261
